Jordi,Oliveda,2021-11-03
joel,Farell,2001-07-09
Kevin,Pérez,2001-07-09
Jordi,Oliveda,2021-11-03
joel,Farell,2001-07-09
Kevin,Pérez,2001-07-09
Jordi,Oliveda,2021-11-03
joel,Farell,2001-07-09
Kevin,Pérez,2001-07-09
Jordi,Oliveda,2021-11-03
joel,Farell,2001-07-09
Kevin,Pérez,2001-07-09
Jordi,Oliveda,2021-11-03
joel,Farell,2001-07-09
Kevin,Pérez,2001-07-09
Jordi,Oliveda,2021-11-03
joel,Farell,2001-07-09
Kevin,Pérez,2001-07-09
Jordi,Oliveda,2021-11-03
joel,Farell,2001-07-09
Kevin,Pérez,2001-07-09
Jordi,Oliveda,2021-11-03
joel,Farell,2001-07-09
Kevin,Pérez,2001-07-09
Jordi,Oliveda,2021-11-03
joel,Farell,2001-07-09
Kevin,Pérez,2001-07-09
Jordi,Oliveda,2021-11-03
joel,Farell,2001-07-09
Kevin,Pérez,2001-07-09
Jordi,Oliveda,2021-11-03
joel,Farell,2001-07-09
Kevin,Pérez,2001-07-09
Jordi,Oliveda,2021-11-03
joel,Farell,2001-07-09
Kevin,Pérez,2001-07-09
Jordi,Oliveda,2021-11-03
joel,Farell,2001-07-09
Kevin,Pérez,2001-07-09
Jordi,Oliveda,2021-11-03
joel,Farell,2001-07-09
Kevin,Pérez,2001-07-09
Jordi,Oliveda,2021-11-03
joel,Farell,2001-07-09
Kevin,Pérez,2001-07-09
Jordi,Oliveda,2021-11-03
joel,Farell,2001-07-09
Kevin,Pérez,2001-07-09
Jordi,Oliveda,2021-11-03
joel,Farell,2001-07-09
Kevin,Pérez,2001-07-09
Jordi,Oliveda,2021-11-03
joel,Farell,2001-07-09
Kevin,Pérez,2001-07-09
Jordi,Oliveda,2021-11-03
joel,Farell,2001-07-09
Kevin,Pérez,2001-07-09
Jordi,Oliveda,2021-11-03
joel,Farell,2001-07-09
Kevin,Pérez,2001-07-09
Jordi,Oliveda,2021-11-03
joel,Farell,2001-07-09
Kevin,Pérez,2001-07-09
Jordi,Oliveda,2021-11-03
joel,Farell,2001-07-09
Kevin,Pérez,2001-07-09
Jordi,Oliveda,2021-11-03
joel,Farell,2001-07-09
Kevin,Pérez,2001-07-09
Jordi,Oliveda,2021-11-03
joel,Farell,2001-07-09
Kevin,Pérez,2001-07-09
Jordi,Oliveda,2021-11-03
joel,Farell,2001-07-09
Kevin,Pérez,2001-07-09
Jordi,Oliveda,2021-11-03
joel,Farell,2001-07-09
Kevin,Pérez,2001-07-09
Jordi,Oliveda,2021-11-03
joel,Farell,2001-07-09
Kevin,Pérez,2001-07-09
Jordi,Oliveda,2021-11-03
joel,Farell,2001-07-09
Kevin,Pérez,2001-07-09
Jordi,Oliveda,2021-11-03
joel,Farell,2001-07-09
Kevin,Pérez,2001-07-09
Jordi,Oliveda,2021-11-03
joel,Farell,2001-07-09
Kevin,Pérez,2001-07-09
Jordi,Oliveda,2021-11-03
joel,Farell,2001-07-09
Kevin,Pérez,2001-07-09
Jordi,Oliveda,2021-11-03
joel,Farell,2001-07-09
Kevin,Pérez,2001-07-09
Jordi,Oliveda,2021-11-03
joel,Farell,2001-07-09
Kevin,Pérez,2001-07-09
Jordi,Oliveda,2021-11-03
joel,Farell,2001-07-09
Kevin,Pérez,2001-07-09
Jordi,Oliveda,2021-11-03
joel,Farell,2001-07-09
Kevin,Pérez,2001-07-09
Jordi,Oliveda,2021-11-03
joel,Farell,2001-07-09
Kevin,Pérez,2001-07-09
Jordi,Oliveda,2021-11-03
joel,Farell,2001-07-09
Kevin,Pérez,2001-07-09
Jordi,Oliveda,2021-11-03
joel,Farell,2001-07-09
Kevin,Pérez,2001-07-09
Jordi,Oliveda,2021-11-03
joel,Farell,2001-07-09
Kevin,Pérez,2001-07-09
Jordi,Oliveda,2021-11-03
joel,Farell,2001-07-09
Kevin,Pérez,2001-07-09
Jordi,Oliveda,2021-11-03
joel,Farell,2001-07-09
Kevin,Pérez,2001-07-09
Jordi,Oliveda,2021-11-03
joel,Farell,2001-07-09
Kevin,Pérez,2001-07-09
Jordi,Oliveda,2021-11-03
joel,Farell,2001-07-09
Kevin,Pérez,2001-07-09
Joel,Farell cabrera,2001-09-12T18:30
Joel,Farell cabrera,2001-09-12T18:30
